[{"model": "contenttypes.contenttype", "pk": 1, "fields": {"app_label": "admin", "model": "logentry"}}, {"model": "contenttypes.contenttype", "pk": 2, "fields": {"app_label": "auth", "model": "group"}}, {"model": "contenttypes.contenttype", "pk": 3, "fields": {"app_label": "auth", "model": "permission"}}, {"model": "contenttypes.contenttype", "pk": 4, "fields": {"app_label": "auth", "model": "user"}}, {"model": "contenttypes.contenttype", "pk": 5, "fields": {"app_label": "contenttypes", "model": "contenttype"}}, {"model": "contenttypes.contenttype", "pk": 6, "fields": {"app_label": "sessions", "model": "session"}}, {"model": "contenttypes.contenttype", "pk": 7, "fields": {"app_label": "data", "model": "profile"}}, {"model": "contenttypes.contenttype", "pk": 8, "fields": {"app_label": "data", "model": "address"}}, {"model": "contenttypes.contenttype", "pk": 9, "fields": {"app_label": "data", "model": "mailpiece"}}, {"model": "contenttypes.contenttype", "pk": 10, "fields": {"app_label": "data", "model": "costcenter"}}, {"model": "contenttypes.contenttype", "pk": 11, "fields": {"app_label": "data", "model": "company"}}, {"model": "sessions.session", "pk": "cmhcp9fu4tc5b713df41gp96jdw5ednf", "fields": {"session_data": "M2UyZjkxNDFlOTY4ZjFiYTgxMTg2Nzg5M2M3MzkwNWZhZDhlNWJjYTp7Il9hdXRoX3VzZXJfaGFzaCI6IjJhNTgwMTAzYjYyMDVlYTUxMGZjZGI4YTVlNDg0ODMyODk5YzdlMGIiLCJfYXV0aF91c2VyX2JhY2tlbmQiOiJkamFuZ28uY29udHJpYi5hdXRoLmJhY2tlbmRzLk1vZGVsQmFja2VuZCIsIl9hdXRoX3VzZXJfaWQiOiIxIn0=", "expire_date": "2017-10-01T19:39:17.243Z"}}, {"model": "data.address", "pk": 1, "fields": {"address1": "123 Fake St", "address2": "", "city": "Nowhere", "state": "IN", "zip": 90210}}, {"model": "data.address", "pk": 2, "fields": {"address1": "2nd address", "address2": "", "city": "somewhere", "state": "CA", "zip": 90210}}, {"model": "data.address", "pk": 3, "fields": {"address1": "3rd address", "address2": "", "city": "anywhere", "state": "IL", "zip": 90210}}, {"model": "data.address", "pk": 4, "fields": {"address1": "4th Address", "address2": "", "city": "Here", "state": "TX", "zip": 90210}}, {"model": "data.company", "pk": 1, "fields": {"name": "Company1", "address": 1}}, {"model": "data.company", "pk": 2, "fields": {"name": "Company2", "address": 2}}, {"model": "data.company", "pk": 3, "fields": {"name": "Company3", "address": 3}}, {"model": "data.costcenter", "pk": 1, "fields": {"name": "c1c1", "company": 1, "address": 1}}, {"model": "data.costcenter", "pk": 2, "fields": {"name": "c1c2", "company": 1, "address": 1}}, {"model": "data.costcenter", "pk": 3, "fields": {"name": "c1c3", "company": 1, "address": 2}}, {"model": "data.costcenter", "pk": 4, "fields": {"name": "c2c1", "company": 2, "address": 2}}, {"model": "data.costcenter", "pk": 5, "fields": {"name": "c2c2", "company": 2, "address": 2}}, {"model": "data.costcenter", "pk": 6, "fields": {"name": "c2c3", "company": 2, "address": 4}}, {"model": "data.costcenter", "pk": 7, "fields": {"name": "c3c1", "company": 3, "address": 3}}, {"model": "data.costcenter", "pk": 8, "fields": {"name": "c3c2", "company": 3, "address": 3}}, {"model": "auth.permission", "pk": 1, "fields": {"name": "Can add log entry", "content_type": 1, "codename": "add_logentry"}}, {"model": "auth.permission", "pk": 2, "fields": {"name": "Can change log entry", "content_type": 1, "codename": "change_logentry"}}, {"model": "auth.permission", "pk": 3, "fields": {"name": "Can delete log entry", "content_type": 1, "codename": "delete_logentry"}}, {"model": "auth.permission", "pk": 4, "fields": {"name": "Can add group", "content_type": 2, "codename": "add_group"}}, {"model": "auth.permission", "pk": 5, "fields": {"name": "Can change group", "content_type": 2, "codename": "change_group"}}, {"model": "auth.permission", "pk": 6, "fields": {"name": "Can delete group", "content_type": 2, "codename": "delete_group"}}, {"model": "auth.permission", "pk": 7, "fields": {"name": "Can add permission", "content_type": 3, "codename": "add_permission"}}, {"model": "auth.permission", "pk": 8, "fields": {"name": "Can change permission", "content_type": 3, "codename": "change_permission"}}, {"model": "auth.permission", "pk": 9, "fields": {"name": "Can delete permission", "content_type": 3, "codename": "delete_permission"}}, {"model": "auth.permission", "pk": 10, "fields": {"name": "Can add user", "content_type": 4, "codename": "add_user"}}, {"model": "auth.permission", "pk": 11, "fields": {"name": "Can change user", "content_type": 4, "codename": "change_user"}}, {"model": "auth.permission", "pk": 12, "fields": {"name": "Can delete user", "content_type": 4, "codename": "delete_user"}}, {"model": "auth.permission", "pk": 13, "fields": {"name": "Can add content type", "content_type": 5, "codename": "add_contenttype"}}, {"model": "auth.permission", "pk": 14, "fields": {"name": "Can change content type", "content_type": 5, "codename": "change_contenttype"}}, {"model": "auth.permission", "pk": 15, "fields": {"name": "Can delete content type", "content_type": 5, "codename": "delete_contenttype"}}, {"model": "auth.permission", "pk": 16, "fields": {"name": "Can add session", "content_type": 6, "codename": "add_session"}}, {"model": "auth.permission", "pk": 17, "fields": {"name": "Can change session", "content_type": 6, "codename": "change_session"}}, {"model": "auth.permission", "pk": 18, "fields": {"name": "Can delete session", "content_type": 6, "codename": "delete_session"}}, {"model": "auth.permission", "pk": 19, "fields": {"name": "Can add profile", "content_type": 7, "codename": "add_profile"}}, {"model": "auth.permission", "pk": 20, "fields": {"name": "Can change profile", "content_type": 7, "codename": "change_profile"}}, {"model": "auth.permission", "pk": 21, "fields": {"name": "Can delete profile", "content_type": 7, "codename": "delete_profile"}}, {"model": "auth.permission", "pk": 22, "fields": {"name": "Can add address", "content_type": 8, "codename": "add_address"}}, {"model": "auth.permission", "pk": 23, "fields": {"name": "Can change address", "content_type": 8, "codename": "change_address"}}, {"model": "auth.permission", "pk": 24, "fields": {"name": "Can delete address", "content_type": 8, "codename": "delete_address"}}, {"model": "auth.permission", "pk": 25, "fields": {"name": "Can add mail piece", "content_type": 9, "codename": "add_mailpiece"}}, {"model": "auth.permission", "pk": 26, "fields": {"name": "Can change mail piece", "content_type": 9, "codename": "change_mailpiece"}}, {"model": "auth.permission", "pk": 27, "fields": {"name": "Can delete mail piece", "content_type": 9, "codename": "delete_mailpiece"}}, {"model": "auth.permission", "pk": 28, "fields": {"name": "Can add cost center", "content_type": 10, "codename": "add_costcenter"}}, {"model": "auth.permission", "pk": 29, "fields": {"name": "Can change cost center", "content_type": 10, "codename": "change_costcenter"}}, {"model": "auth.permission", "pk": 30, "fields": {"name": "Can delete cost center", "content_type": 10, "codename": "delete_costcenter"}}, {"model": "auth.permission", "pk": 31, "fields": {"name": "Can add company", "content_type": 11, "codename": "add_company"}}, {"model": "auth.permission", "pk": 32, "fields": {"name": "Can change company", "content_type": 11, "codename": "change_company"}}, {"model": "auth.permission", "pk": 33, "fields": {"name": "Can delete company", "content_type": 11, "codename": "delete_company"}}, {"model": "auth.user", "pk": 1, "fields": {"password": "pbkdf2_sha256$36000$wkKCwkYgzIPH$uA5o8UqOKtgSKmBK9EdmqI21geWQ8Kc0oYhLtjJ2XPU=", "last_login": "2017-09-17T19:39:17.201Z", "is_superuser": true, "username": "admin", "first_name": "", "last_name": "", "email": "", "is_staff": true, "is_active": true, "date_joined": "2017-09-17T19:11:37.447Z", "groups": [], "user_permissions": []}}, {"model": "auth.user", "pk": 5, "fields": {"password": "pbkdf2_sha256$36000$skH19POAhcgm$BpFt9qC3BXqzUubVzGLZzHjLUQ/ueDiKnzkOez+BdEw=", "last_login": null, "is_superuser": false, "username": "c1e1", "first_name": "", "last_name": "", "email": "", "is_staff": false, "is_active": true, "date_joined": "2017-09-17T19:17:59Z", "groups": [], "user_permissions": []}}, {"model": "auth.user", "pk": 7, "fields": {"password": "pbkdf2_sha256$36000$UIH7sKTQiHpm$brhUmi30Dc/VP9IRYBYsrV+x1kad9veK7Utlj0rv1P8=", "last_login": "2017-09-17T19:37:24.102Z", "is_superuser": false, "username": "c2e1", "first_name": "", "last_name": "", "email": "", "is_staff": false, "is_active": true, "date_joined": "2017-09-17T19:31:17.162Z", "groups": [], "user_permissions": []}}, {"model": "auth.user", "pk": 8, "fields": {"password": "pbkdf2_sha256$36000$ongthjAtLqOw$z3VyMCeN/mx6tfSs5D3y0qFtYWAu/BXoKKVeUYER7nU=", "last_login": "2017-09-17T19:38:04.893Z", "is_superuser": false, "username": "c3e1", "first_name": "", "last_name": "", "email": "", "is_staff": false, "is_active": true, "date_joined": "2017-09-17T19:31:27.620Z", "groups": [], "user_permissions": []}}, {"model": "auth.user", "pk": 9, "fields": {"password": "", "last_login": null, "is_superuser": false, "username": "c1e2", "first_name": "", "last_name": "", "email": "", "is_staff": false, "is_active": true, "date_joined": "2017-09-17T19:36:48.984Z", "groups": [], "user_permissions": []}}, {"model": "auth.user", "pk": 10, "fields": {"password": "", "last_login": null, "is_superuser": false, "username": "c2e2", "first_name": "", "last_name": "", "email": "", "is_staff": false, "is_active": true, "date_joined": "2017-09-17T19:37:38.834Z", "groups": [], "user_permissions": []}}, {"model": "auth.user", "pk": 11, "fields": {"password": "", "last_login": null, "is_superuser": false, "username": "c2e3", "first_name": "", "last_name": "", "email": "", "is_staff": false, "is_active": true, "date_joined": "2017-09-17T19:37:48.283Z", "groups": [], "user_permissions": []}}, {"model": "auth.user", "pk": 12, "fields": {"password": "", "last_login": null, "is_superuser": false, "username": "c3e2", "first_name": "", "last_name": "", "email": "", "is_staff": false, "is_active": true, "date_joined": "2017-09-17T19:38:15.999Z", "groups": [], "user_permissions": []}}, {"model": "auth.user", "pk": 13, "fields": {"password": "", "last_login": null, "is_superuser": false, "username": "c3e3", "first_name": "", "last_name": "", "email": "", "is_staff": false, "is_active": true, "date_joined": "2017-09-17T19:38:32.133Z", "groups": [], "user_permissions": []}}, {"model": "data.profile", "pk": 1, "fields": {"company": 1}}, {"model": "data.profile", "pk": 5, "fields": {"company": 1}}, {"model": "data.profile", "pk": 7, "fields": {"company": 2}}, {"model": "data.profile", "pk": 8, "fields": {"company": 3}}, {"model": "data.profile", "pk": 9, "fields": {"company": 1}}, {"model": "data.profile", "pk": 10, "fields": {"company": 2}}, {"model": "data.profile", "pk": 11, "fields": {"company": 2}}, {"model": "data.profile", "pk": 12, "fields": {"company": 3}}, {"model": "data.profile", "pk": 13, "fields": {"company": 3}}, {"model": "data.mailpiece", "pk": 1, "fields": {"user": 5, "cost_center": 1, "address": 1, "return_address": 2, "rate": 1, "mail_class": "fc", "tracking": 1}}, {"model": "data.mailpiece", "pk": 2, "fields": {"user": 5, "cost_center": 2, "address": 2, "return_address": 3, "rate": 1, "mail_class": "fc", "tracking": 1}}, {"model": "data.mailpiece", "pk": 3, "fields": {"user": 9, "cost_center": 3, "address": 2, "return_address": 3, "rate": 1, "mail_class": "fc", "tracking": 1}}, {"model": "data.mailpiece", "pk": 4, "fields": {"user": 7, "cost_center": 4, "address": 4, "return_address": 2, "rate": 1, "mail_class": "fc", "tracking": 2}}, {"model": "data.mailpiece", "pk": 5, "fields": {"user": 7, "cost_center": 4, "address": 2, "return_address": 3, "rate": 1, "mail_class": "fc", "tracking": 2}}, {"model": "data.mailpiece", "pk": 6, "fields": {"user": 10, "cost_center": 6, "address": 3, "return_address": 4, "rate": 1, "mail_class": "fc", "tracking": 2}}, {"model": "data.mailpiece", "pk": 7, "fields": {"user": 8, "cost_center": 8, "address": 2, "return_address": 1, "rate": 1, "mail_class": "pr", "tracking": 3}}, {"model": "data.mailpiece", "pk": 8, "fields": {"user": 8, "cost_center": 7, "address": 2, "return_address": 3, "rate": 1, "mail_class": "fc", "tracking": 3}}, {"model": "data.mailpiece", "pk": 9, "fields": {"user": 12, "cost_center": 7, "address": 1, "return_address": 2, "rate": 1, "mail_class": "fc", "tracking": 3}}, {"model": "admin.logentry", "pk": 1, "fields": {"action_time": "2017-09-17T19:13:20.711Z", "user": 1, "content_type": 8, "object_id": "1", "object_repr": "123 Fake St", "action_flag": 1, "change_message": "[{\"added\": {}}]"}}, {"model": "admin.logentry", "pk": 2, "fields": {"action_time": "2017-09-17T19:13:48.351Z", "user": 1, "content_type": 8, "object_id": "2", "object_repr": "2nd address", "action_flag": 1, "change_message": "[{\"added\": {}}]"}}, {"model": "admin.logentry", "pk": 3, "fields": {"action_time": "2017-09-17T19:14:02.322Z", "user": 1, "content_type": 8, "object_id": "3", "object_repr": "3rd address", "action_flag": 1, "change_message": "[{\"added\": {}}]"}}, {"model": "admin.logentry", "pk": 4, "fields": {"action_time": "2017-09-17T19:14:26.515Z", "user": 1, "content_type": 8, "object_id": "4", "object_repr": "4th Address", "action_flag": 1, "change_message": "[{\"added\": {}}]"}}, {"model": "admin.logentry", "pk": 5, "fields": {"action_time": "2017-09-17T19:14:48.526Z", "user": 1, "content_type": 11, "object_id": "1", "object_repr": "Company1", "action_flag": 1, "change_message": "[{\"added\": {}}]"}}, {"model": "admin.logentry", "pk": 6, "fields": {"action_time": "2017-09-17T19:15:02.106Z", "user": 1, "content_type": 11, "object_id": "2", "object_repr": "Company2", "action_flag": 1, "change_message": "[{\"added\": {}}]"}}, {"model": "admin.logentry", "pk": 7, "fields": {"action_time": "2017-09-17T19:15:17.003Z", "user": 1, "content_type": 11, "object_id": "3", "object_repr": "Company3", "action_flag": 1, "change_message": "[{\"added\": {}}]"}}, {"model": "admin.logentry", "pk": 8, "fields": {"action_time": "2017-09-17T19:15:55.681Z", "user": 1, "content_type": 4, "object_id": "2", "object_repr": "c1e1", "action_flag": 1, "change_message": "[{\"added\": {}}]"}}, {"model": "admin.logentry", "pk": 9, "fields": {"action_time": "2017-09-17T19:16:05.564Z", "user": 1, "content_type": 4, "object_id": "3", "object_repr": "c1e2", "action_flag": 1, "change_message": "[{\"added\": {}}]"}}, {"model": "admin.logentry", "pk": 10, "fields": {"action_time": "2017-09-17T19:16:25.164Z", "user": 1, "content_type": 4, "object_id": "4", "object_repr": "c2e1", "action_flag": 1, "change_message": "[{\"added\": {}}]"}}, {"model": "admin.logentry", "pk": 11, "fields": {"action_time": "2017-09-17T19:16:57.395Z", "user": 1, "content_type": 4, "object_id": "2", "object_repr": "c1e1", "action_flag": 3, "change_message": ""}}, {"model": "admin.logentry", "pk": 12, "fields": {"action_time": "2017-09-17T19:16:57.421Z", "user": 1, "content_type": 4, "object_id": "3", "object_repr": "c1e2", "action_flag": 3, "change_message": ""}}, {"model": "admin.logentry", "pk": 13, "fields": {"action_time": "2017-09-17T19:16:57.456Z", "user": 1, "content_type": 4, "object_id": "4", "object_repr": "c2e1", "action_flag": 3, "change_message": ""}}, {"model": "admin.logentry", "pk": 14, "fields": {"action_time": "2017-09-17T19:17:32.135Z", "user": 1, "content_type": 7, "object_id": "1", "object_repr": "admin", "action_flag": 1, "change_message": "[{\"added\": {}}]"}}, {"model": "admin.logentry", "pk": 15, "fields": {"action_time": "2017-09-17T19:17:59.813Z", "user": 1, "content_type": 4, "object_id": "5", "object_repr": "c1e1", "action_flag": 1, "change_message": "[{\"added\": {}}]"}}, {"model": "admin.logentry", "pk": 16, "fields": {"action_time": "2017-09-17T19:18:06.691Z", "user": 1, "content_type": 4, "object_id": "5", "object_repr": "c1e1", "action_flag": 2, "change_message": "[]"}}, {"model": "admin.logentry", "pk": 17, "fields": {"action_time": "2017-09-17T19:18:15.284Z", "user": 1, "content_type": 4, "object_id": "6", "object_repr": "c2e2", "action_flag": 1, "change_message": "[{\"added\": {}}]"}}, {"model": "admin.logentry", "pk": 18, "fields": {"action_time": "2017-09-17T19:18:32.025Z", "user": 1, "content_type": 4, "object_id": "6", "object_repr": "c2e2", "action_flag": 3, "change_message": ""}}, {"model": "admin.logentry", "pk": 19, "fields": {"action_time": "2017-09-17T19:31:17.199Z", "user": 1, "content_type": 4, "object_id": "7", "object_repr": "c2e1", "action_flag": 1, "change_message": "[{\"added\": {}}]"}}, {"model": "admin.logentry", "pk": 20, "fields": {"action_time": "2017-09-17T19:31:27.659Z", "user": 1, "content_type": 4, "object_id": "8", "object_repr": "c3e1", "action_flag": 1, "change_message": "[{\"added\": {}}]"}}, {"model": "admin.logentry", "pk": 21, "fields": {"action_time": "2017-09-17T19:31:47.944Z", "user": 1, "content_type": 7, "object_id": "5", "object_repr": "c1e1", "action_flag": 1, "change_message": "[{\"added\": {}}]"}}, {"model": "admin.logentry", "pk": 22, "fields": {"action_time": "2017-09-17T19:31:54.834Z", "user": 1, "content_type": 7, "object_id": "7", "object_repr": "c2e1", "action_flag": 1, "change_message": "[{\"added\": {}}]"}}, {"model": "admin.logentry", "pk": 23, "fields": {"action_time": "2017-09-17T19:31:59.424Z", "user": 1, "content_type": 7, "object_id": "8", "object_repr": "c3e1", "action_flag": 1, "change_message": "[{\"added\": {}}]"}}, {"model": "admin.logentry", "pk": 24, "fields": {"action_time": "2017-09-17T19:40:04.910Z", "user": 1, "content_type": 10, "object_id": "1", "object_repr": "c1c1", "action_flag": 1, "change_message": "[{\"added\": {}}]"}}, {"model": "admin.logentry", "pk": 25, "fields": {"action_time": "2017-09-17T19:41:58.475Z", "user": 1, "content_type": 10, "object_id": "2", "object_repr": "c1c2", "action_flag": 1, "change_message": "[{\"added\": {}}]"}}, {"model": "admin.logentry", "pk": 26, "fields": {"action_time": "2017-09-17T19:42:23.563Z", "user": 1, "content_type": 10, "object_id": "3", "object_repr": "c1c3", "action_flag": 1, "change_message": "[{\"added\": {}}]"}}, {"model": "admin.logentry", "pk": 27, "fields": {"action_time": "2017-09-17T19:42:44.760Z", "user": 1, "content_type": 10, "object_id": "4", "object_repr": "c2c1", "action_flag": 1, "change_message": "[{\"added\": {}}]"}}, {"model": "admin.logentry", "pk": 28, "fields": {"action_time": "2017-09-17T19:43:03.852Z", "user": 1, "content_type": 10, "object_id": "5", "object_repr": "c2c2", "action_flag": 1, "change_message": "[{\"added\": {}}]"}}, {"model": "admin.logentry", "pk": 29, "fields": {"action_time": "2017-09-17T19:43:28.372Z", "user": 1, "content_type": 10, "object_id": "6", "object_repr": "c2c3", "action_flag": 1, "change_message": "[{\"added\": {}}]"}}, {"model": "admin.logentry", "pk": 30, "fields": {"action_time": "2017-09-17T19:43:42.725Z", "user": 1, "content_type": 10, "object_id": "7", "object_repr": "c3c1", "action_flag": 1, "change_message": "[{\"added\": {}}]"}}, {"model": "admin.logentry", "pk": 31, "fields": {"action_time": "2017-09-17T19:43:52.933Z", "user": 1, "content_type": 10, "object_id": "8", "object_repr": "c3c2", "action_flag": 1, "change_message": "[{\"added\": {}}]"}}, {"model": "admin.logentry", "pk": 32, "fields": {"action_time": "2017-09-19T11:21:34.581Z", "user": 1, "content_type": 9, "object_id": "1", "object_repr": "1", "action_flag": 1, "change_message": "[{\"added\": {}}]"}}, {"model": "admin.logentry", "pk": 33, "fields": {"action_time": "2017-09-19T11:21:59.613Z", "user": 1, "content_type": 9, "object_id": "2", "object_repr": "2", "action_flag": 1, "change_message": "[{\"added\": {}}]"}}, {"model": "admin.logentry", "pk": 34, "fields": {"action_time": "2017-09-19T11:23:25.826Z", "user": 1, "content_type": 9, "object_id": "3", "object_repr": "2", "action_flag": 1, "change_message": "[{\"added\": {}}]"}}, {"model": "admin.logentry", "pk": 35, "fields": {"action_time": "2017-09-19T11:23:47.739Z", "user": 1, "content_type": 9, "object_id": "4", "object_repr": "1", "action_flag": 1, "change_message": "[{\"added\": {}}]"}}, {"model": "admin.logentry", "pk": 36, "fields": {"action_time": "2017-09-19T11:25:35.234Z", "user": 1, "content_type": 9, "object_id": "3", "object_repr": "1", "action_flag": 2, "change_message": "[{\"changed\": {\"fields\": [\"tracking\"]}}]"}}, {"model": "admin.logentry", "pk": 37, "fields": {"action_time": "2017-09-19T11:25:49.269Z", "user": 1, "content_type": 9, "object_id": "2", "object_repr": "1", "action_flag": 2, "change_message": "[{\"changed\": {\"fields\": [\"tracking\"]}}]"}}, {"model": "admin.logentry", "pk": 38, "fields": {"action_time": "2017-09-19T11:26:06.520Z", "user": 1, "content_type": 9, "object_id": "1", "object_repr": "2", "action_flag": 2, "change_message": "[{\"changed\": {\"fields\": [\"tracking\"]}}]"}}, {"model": "admin.logentry", "pk": 39, "fields": {"action_time": "2017-09-19T11:26:32.742Z", "user": 1, "content_type": 9, "object_id": "5", "object_repr": "2", "action_flag": 1, "change_message": "[{\"added\": {}}]"}}, {"model": "admin.logentry", "pk": 40, "fields": {"action_time": "2017-09-19T11:27:26.608Z", "user": 1, "content_type": 9, "object_id": "1", "object_repr": "1", "action_flag": 2, "change_message": "[{\"changed\": {\"fields\": [\"tracking\"]}}]"}}, {"model": "admin.logentry", "pk": 41, "fields": {"action_time": "2017-09-19T11:27:52.667Z", "user": 1, "content_type": 9, "object_id": "4", "object_repr": "2", "action_flag": 2, "change_message": "[{\"changed\": {\"fields\": [\"tracking\"]}}]"}}, {"model": "admin.logentry", "pk": 42, "fields": {"action_time": "2017-09-19T11:29:04.688Z", "user": 1, "content_type": 9, "object_id": "6", "object_repr": "2", "action_flag": 1, "change_message": "[{\"added\": {}}]"}}, {"model": "admin.logentry", "pk": 43, "fields": {"action_time": "2017-09-19T11:30:05.597Z", "user": 1, "content_type": 9, "object_id": "7", "object_repr": "3", "action_flag": 1, "change_message": "[{\"added\": {}}]"}}, {"model": "admin.logentry", "pk": 44, "fields": {"action_time": "2017-09-19T11:30:54.241Z", "user": 1, "content_type": 9, "object_id": "8", "object_repr": "3", "action_flag": 1, "change_message": "[{\"added\": {}}]"}}, {"model": "admin.logentry", "pk": 45, "fields": {"action_time": "2017-09-19T11:31:37.557Z", "user": 1, "content_type": 9, "object_id": "9", "object_repr": "3", "action_flag": 1, "change_message": "[{\"added\": {}}]"}}]